{
  "dataset_name": "pizza-oven-market-dataset",
  "created_from": "https://www.nextmsc.com/report/pizza-oven-market-se3642",
  "created_on": "2025-12-01",
  "fields": {
    "Title": "Field extracted from public report page",
    "Source": "Field extracted from public report page",
    "URL": "Field extracted from public report page",
    "Market_Size_2024_USD_billion": "Field extracted from public report page",
    "Market_Size_2025_USD_billion": "Field extracted from public report page",
    "Market_Projection_2030_USD_billion": "Field extracted from public report page",
    "CAGR_2025_2030_percent": "Field extracted from public report page",
    "Segments": "Field extracted from public report page",
    "Key_Players": "Field extracted from public report page",
    "Summary": "Field extracted from public report page"
  },
  "notes": [
    "Data extracted from publicly available summary on Next Move Strategy Consulting.",
    "Structured to mirror reference dataset formatting."
  ]
}